scenario,density,frames,median_ms,p95_ms,p99_ms,max_ms,java_kib_per_frame,pending_percent,mount_median_ms,mount_min_ms,mount_max_ms,interaction_peak_median_ms,trial_p95_min_ms,trial_p95_max_ms,gc_count,gc_ms,interaction_peak_min_ms,interaction_peak_max_ms
alert-cycle,1.0,540,4.0847,47.1054,61.359,67.5308,122.8005,100.0,42.6164,35.2695,93.5966,0.0,45.3483,49.6559,6,27,0.0,0.0
alert-cycle,2.0,540,9.3568,133.9741,195.9672,228.2646,122.4851,100.0,103.8919,103.4895,125.0163,0.0,127.886,134.8849,6,29,0.0,0.0
empty,1.0,540,0.1271,0.1542,0.217,0.9294,0.3309,0.0,1.6076,1.4887,15.3641,0.0,0.1202,0.1927,0,0,0.0,0.0
empty,2.0,540,0.4828,0.5639,0.6264,0.6698,0.3309,0.0,4.0659,3.708,5.602,0.0,0.5114,0.6124,0,0,0.0,0.0
folder-tabs-12,1.0,540,1.9071,3.0909,3.6726,4.0329,0.3312,0.0,11.1886,8.8077,18.8477,0.0,1.9926,3.6287,0,0,0.0,0.0
folder-tabs-12,2.0,540,5.5067,6.8359,7.426,8.5203,0.3129,0.0,16.2366,13.1249,16.9702,0.0,5.6075,7.3018,0,0,0.0,0.0
gallery,1.0,540,3.4182,3.714,4.1889,13.631,79.2247,100.0,36.2966,35.1921,91.8691,0.0,3.6248,3.761,6,29,0.0,0.0
gallery,2.0,540,9.6793,10.7057,12.2853,18.1888,79.1649,100.0,61.9514,61.4913,76.2949,0.0,10.2523,11.3471,6,26,0.0,0.0
held-leading,1.0,540,0.1968,0.2976,0.3475,1.1274,6.5549,100.0,7.8922,7.4121,8.0135,0.0,0.1968,0.3314,0,0,0.0,0.0
held-leading,2.0,540,0.57,0.8734,0.941,1.1849,6.5275,100.0,16.5507,16.2487,19.6604,0.0,0.7109,0.8968,0,0,0.0,0.0
held-plain,1.0,540,0.2295,0.3574,0.3831,0.4034,3.1367,100.0,4.1698,2.645,4.7498,0.0,0.2278,0.3679,0,0,0.0,0.0
held-plain,2.0,540,0.7522,1.067,1.1569,1.2298,3.1076,100.0,5.1316,4.8823,6.1773,0.0,0.9164,1.1022,0,0,0.0,0.0
leading-48,1.0,540,0.6251,0.9641,1.175,2.0021,0.3314,0.0,175.8341,143.4728,202.8239,0.0,0.645,1.15,0,0,0.0,0.0
leading-48,2.0,540,2.134,2.5247,2.6763,2.8569,0.3281,0.0,566.8462,556.3628,755.3738,0.0,2.5107,2.5276,0,0,0.0,0.0
loading-12,1.0,540,1.2232,1.7837,2.2509,16.629,14.3999,100.0,5.0164,4.3134,14.9738,0.0,1.2802,2.1271,3,17,0.0,0.0
loading-12,2.0,540,3.8033,4.6946,5.2817,6.8158,14.4201,100.0,10.401,7.6119,10.8357,0.0,4.0243,4.8044,0,0,0.0,0.0
mixed,1.0,540,2.4164,3.4509,4.0375,15.7325,113.9499,100.0,51.1586,24.8449,223.0536,0.0,2.4842,3.8122,3,31,0.0,0.0
mixed,2.0,540,7.0987,10.113,11.5048,19.7803,113.475,100.0,71.068,66.5206,75.9112,0.0,7.2487,11.0193,5,27,0.0,0.0
plain-48,1.0,540,3.9431,5.2358,6.0109,6.6234,0.3309,0.0,11.8701,9.1311,63.6034,0.0,3.9463,5.7148,0,0,0.0,0.0
plain-48,2.0,540,11.4881,15.4026,16.5932,17.6905,0.3309,0.0,21.981,18.1882,25.1693,0.0,11.7556,16.4422,0,0,0.0,0.0
resize-leading-1,1.0,540,4.1868,5.1624,5.9513,25.9693,34.2687,0.0,7.571,7.4546,33.8717,0.0,4.9488,5.3357,4,19,0.0,0.0
resize-leading-1,2.0,540,16.3593,19.6968,20.8811,35.6871,33.7036,0.0,21.6391,20.7029,22.2989,0.0,14.3151,19.9782,5,25,0.0,0.0
resize-leading-12,1.0,540,39.2629,62.3991,69.7995,98.1607,315.5461,0.0,44.298,38.8889,69.8045,0.0,42.1966,65.2411,14,151,0.0,0.0
resize-leading-12,2.0,540,186.6512,223.9894,234.1956,262.9036,313.2659,0.0,179.239,158.9387,183.8505,0.0,210.5418,231.4136,17,158,0.0,0.0
resize-leading-6,1.0,540,20.2563,25.7651,27.7404,64.3661,163.8932,0.0,24.9216,22.9195,29.6633,0.0,19.5836,26.6878,4,60,0.0,0.0
resize-leading-6,2.0,540,92.6226,106.2457,113.4599,124.5104,160.4457,0.0,94.3305,85.6912,99.2937,0.0,76.0557,109.4671,13,88,0.0,0.0
select-100-open,1.0,540,0.4931,1.2942,1.6815,2.2865,7.0489,100.0,4.9543,4.426,35.1384,10.1899,0.5408,1.6443,0,0,10.1116,76.3819
select-100-open,2.0,540,1.8751,4.7536,5.2795,5.811,6.9983,100.0,8.5473,8.2971,8.7998,11.0506,2.488,5.1139,0,0,10.6055,12.4068
select-1000-open,1.0,540,3.541,4.8141,5.5851,26.3801,6.999,100.0,4.922,4.8546,5.927,120.7391,4.0001,5.4338,4,7,93.1604,143.4461
select-1000-open,2.0,540,5.7841,7.9085,8.477,10.0335,6.9984,100.0,7.056,6.531,9.6867,84.5318,7.3365,8.3739,0,0,78.5289,84.9299
selected-leading-12,1.0,540,0.5476,0.8934,1.4905,6.2497,33.6935,100.0,47.8068,38.9905,53.7989,0.0,0.5483,1.1488,1,5,0.0,0.0
selected-leading-12,2.0,540,1.4706,1.9513,2.4008,6.6693,33.2991,100.0,142.7829,142.5983,165.3686,0.0,1.9017,1.9739,4,8,0.0,0.0
selected-plain-12,1.0,540,1.3357,1.9694,2.3428,2.9989,21.3894,100.0,10.9887,4.2268,15.3062,0.0,1.2825,2.2088,0,0,0.0,0.0
selected-plain-12,2.0,540,3.7503,5.1835,5.6195,7.0122,20.984,100.0,9.9647,9.9455,12.2603,0.0,3.9926,5.4689,1,3,0.0,0.0
switch-cycle-12,1.0,540,1.5119,3.341,4.4137,9.454,57.9091,35.0,8.3326,5.2397,64.0112,0.0,2.3346,3.6921,3,14,0.0,0.0
switch-cycle-12,2.0,540,4.6594,7.557,8.268,22.6951,58.2351,35.0,10.8886,8.5852,12.6967,0.0,6.5666,8.1506,6,21,0.0,0.0
tabs-12,1.0,540,3.6085,6.0718,6.7794,7.1754,78.5902,100.0,12.9901,8.2742,47.7889,0.0,3.7863,6.7022,0,0,0.0,0.0
tabs-12,2.0,540,10.5233,15.1041,15.8896,26.032,77.8889,100.0,17.3071,16.4747,18.5109,0.0,11.0267,15.6786,4,17,0.0,0.0
