mode,region,mean_channel_error,max_channel_error,percent_over_1
Baseline,top_join,0.4621315192743764,6,12.51700680272109
Baseline,bottom_join,0.4526077097505669,6,12.51700680272109
Baseline,ring_edge,0.5409090909090909,6,13.636363636363635
Baseline,upper_bevel,0.6994047619047619,5,20.05952380952381
Baseline,texture,0.21083333333333334,1,0.0
NativeLayers,top_join,0.5229024943310657,5,13.60544217687075
NativeLayers,bottom_join,0.5328798185941043,6,16.054421768707485
NativeLayers,ring_edge,0.6878787878787879,6,17.727272727272727
NativeLayers,upper_bevel,0.74375,5,24.46428571428571
NativeLayers,texture,0.26416666666666666,2,0.4285714285714286
Direct,top_join,1.0145124716553289,13,17.82312925170068
Direct,bottom_join,1.0399092970521542,15,17.82312925170068
Direct,ring_edge,1.3833333333333333,15,22.272727272727273
Direct,upper_bevel,0.7851190476190476,5,24.46428571428571
Direct,texture,0.26416666666666666,2,0.4285714285714286
DirectSoft,top_join,0.5900226757369614,6,14.013605442176871
DirectSoft,bottom_join,0.7238095238095238,13,15.10204081632653
DirectSoft,ring_edge,0.6575757575757576,5,18.181818181818183
DirectSoft,upper_bevel,0.9523809523809523,6,24.46428571428571
DirectSoft,texture,0.26416666666666666,2,0.4285714285714286
