mode,scenario,density,frames,p50_ms,p95_ms,mount_median_ms,mount_min_ms,mount_max_ms,trial_p95_min_ms,trial_p95_max_ms
Baseline,idle-48,1.0,540,0.2695,0.2936,147.89,138.1626,167.3596,0.2835,0.2991
NativeLayers,idle-48,1.0,540,10.1396,10.719,19.5484,17.553,33.8353,10.0853,10.8389
Direct,idle-48,1.0,540,4.5679,4.7853,9.3329,8.5727,16.7662,4.6801,4.8222
DirectSoft,idle-48,1.0,540,13.9595,14.498,22.8482,21.8835,30.3029,14.3802,14.6172
Baseline,resize-1,1.0,540,3.473,4.0734,5.8647,4.9508,7.4865,3.5291,4.5264
NativeLayers,resize-1,1.0,540,0.6144,0.9326,2.6432,2.2674,3.6283,0.7014,1.1913
Direct,resize-1,1.0,540,0.3568,0.5002,2.4068,1.8548,2.696,0.4003,0.5741
DirectSoft,resize-1,1.0,540,0.6949,0.8634,2.5214,2.4891,3.0958,0.7145,1.5102
Baseline,resize-12,1.0,540,35.4231,39.8497,36.9454,35.8965,54.8057,36.2652,40.5194
NativeLayers,resize-12,1.0,540,4.4566,6.7655,6.3694,5.8204,7.0482,4.6381,9.1212
Direct,resize-12,1.0,540,1.8329,2.1171,3.5967,3.2314,5.0541,1.916,2.1237
DirectSoft,resize-12,1.0,540,5.7141,6.2407,6.7594,6.7356,8.2904,5.7531,6.6926
Baseline,idle-48,2.0,540,1.2711,2.2392,560.599,551.4167,718.07,1.4663,2.5842
NativeLayers,idle-48,2.0,540,33.0024,41.7013,44.27,40.3739,52.5059,32.8487,42.6647
Direct,idle-48,2.0,540,14.5765,17.2523,20.8629,19.285,23.3135,14.6334,18.3423
DirectSoft,idle-48,2.0,540,45.8088,56.4033,56.0427,54.5335,60.8148,46.5796,58.1962
Baseline,resize-1,2.0,540,13.3144,14.2057,15.6794,15.0568,18.6798,13.6915,14.6356
NativeLayers,resize-1,2.0,540,1.6533,2.6333,4.8903,4.6094,4.9453,1.8448,3.5217
Direct,resize-1,2.0,540,1.0083,1.7847,3.9649,3.8682,4.5677,1.2201,2.7994
DirectSoft,resize-1,2.0,540,2.0657,2.7156,5.4179,4.7628,5.5571,2.2652,3.9539
Baseline,resize-12,2.0,540,148.7162,160.982,145.7212,143.143,150.2957,151.582,163.5759
NativeLayers,resize-12,2.0,540,10.7525,11.818,13.1567,13.0365,14.6279,11.2739,12.3916
Direct,resize-12,2.0,540,4.8926,5.3662,8.1096,7.7666,8.1492,5.2968,5.4137
DirectSoft,resize-12,2.0,540,14.407,15.2952,16.5002,16.4894,16.6181,14.8288,15.4614
