case,mode,mean_channel_error,max_channel_error,pixels_over_1,percent_over_1
color-1.0,NativeLayers,0.5085907944514502,25,985,7.763240857503153
color-1.0,Direct,0.8760245901639344,26,1038,8.18095838587642
color-1.0,DirectSoft,1.6060056746532156,40,1122,8.843001261034047
color-1.5,NativeLayers,0.63086731119518,29,1991,6.97421885946476
color-1.5,Direct,1.0201765447667086,35,3757,13.160291438979963
color-1.5,DirectSoft,1.0873966652655178,41,3511,12.298584839568447
color-2.0,NativeLayers,0.19518442622950818,30,1188,2.340794451450189
color-2.0,Direct,0.6386743379571248,43,1651,3.253073770491803
color-2.0,DirectSoft,1.0624605926860025,56,1598,3.1486443883984867
color-3.0,NativeLayers,0.2061352809303629,22,2453,2.1481364719069638
color-3.0,Direct,0.6701432674793331,51,3688,3.2296483116155246
color-3.0,DirectSoft,0.8245060949978983,57,3064,2.683200224183831
comfortable-1.0,NativeLayers,0.717741935483871,13,1980,13.088313061872025
comfortable-1.0,Direct,0.7466287678476996,13,2081,13.755949233209941
comfortable-1.0,DirectSoft,0.7862242199894236,14,2058,13.603913273400318
comfortable-1.5,NativeLayers,0.45522651154591925,14,1944,5.7112638815441565
comfortable-1.5,Direct,0.48307773664727655,14,2199,6.46042658205535
comfortable-1.5,DirectSoft,0.6057935248839532,17,1963,5.7670838474645985
comfortable-2.0,NativeLayers,0.37159571655208884,16,1252,2.069011105235325
comfortable-2.0,Direct,0.4348063194077208,16,2124,3.51004759386568
comfortable-2.0,DirectSoft,0.41702472236911686,16,1591,2.629230565838181
comfortable-3.0,NativeLayers,0.2986588518714378,11,2454,1.802397320641636
comfortable-3.0,Direct,0.3645117221928433,17,3947,2.898965861684
comfortable-3.0,DirectSoft,0.32466654915094895,16,3012,2.2122333862154067
compact-1.0,NativeLayers,0.8161885245901639,11,1344,13.77049180327869
compact-1.0,Direct,0.8578893442622951,11,1509,15.46106557377049
compact-1.0,DirectSoft,1.0568647540983607,13,1612,16.516393442622952
compact-1.5,NativeLayers,0.454735883424408,11,1201,5.469034608378871
compact-1.5,Direct,0.49043715846994534,11,1392,6.33879781420765
compact-1.5,DirectSoft,0.5951275045537341,14,1497,6.816939890710383
compact-2.0,NativeLayers,0.4238985655737705,16,1378,3.5297131147540983
compact-2.0,Direct,0.4680840163934426,16,1603,4.106045081967213
compact-2.0,DirectSoft,0.5928790983606558,16,1419,3.634733606557377
compact-3.0,NativeLayers,0.3705373406193078,19,2545,2.897313296903461
compact-3.0,Direct,0.43113615664845173,19,3309,3.76707650273224
compact-3.0,DirectSoft,0.43384562841530055,19,2576,2.9326047358834244
default-1.0,NativeLayers,0.7618221941992434,11,1709,13.469419924337958
default-1.0,Direct,0.7781368221941992,11,1772,13.96595208070618
default-1.0,DirectSoft,0.9751733921815889,13,1855,14.620113493064313
default-1.5,NativeLayers,0.4427280369903321,18,1574,5.513521087291579
default-1.5,Direct,0.49015692868151883,18,1866,6.53635981504834
default-1.5,DirectSoft,0.508371864929242,18,1733,6.070477791789267
default-2.0,NativeLayers,0.4006344577553594,19,1299,2.5595050441361917
default-2.0,Direct,0.44142102774274905,19,1765,3.4776954602774275
default-2.0,DirectSoft,0.5452395964691047,19,1688,3.3259773013871374
default-3.0,NativeLayers,0.32332387557797393,10,2159,1.890675353790108
default-3.0,Direct,0.3865594787725935,15,3508,3.072019055625613
default-3.0,DirectSoft,0.399371234412218,18,2796,2.4485077763766285
narrow-1.0,NativeLayers,0.7346153846153847,11,799,13.96853146853147
narrow-1.0,Direct,0.7833916083916084,11,872,15.244755244755245
narrow-1.0,DirectSoft,0.8562937062937063,13,820,14.335664335664337
narrow-1.5,NativeLayers,0.4591297591297591,18,828,6.433566433566433
narrow-1.5,Direct,0.5554001554001554,18,1110,8.624708624708624
narrow-1.5,DirectSoft,0.5062160062160063,18,891,6.923076923076923
narrow-2.0,NativeLayers,0.43728146853146854,19,896,3.9160839160839163
narrow-2.0,Direct,0.5398601398601398,19,1371,5.992132867132867
narrow-2.0,DirectSoft,0.5250437062937063,19,1030,4.501748251748252
narrow-3.0,NativeLayers,0.30794483294483294,10,1292,2.50971250971251
narrow-3.0,Direct,0.45209790209790207,15,2645,5.137917637917638
narrow-3.0,DirectSoft,0.35953768453768453,18,1525,2.9623154623154626
plain-1.0,NativeLayers,0.32881462799495587,11,789,6.218474148802017
plain-1.0,Direct,0.35545397225725095,11,868,6.841109709962169
plain-1.0,DirectSoft,0.6345365699873896,15,1018,8.023329129886507
plain-1.5,NativeLayers,0.21609219560039233,18,1444,5.058147681098501
plain-1.5,Direct,0.2739596469104666,18,1710,5.989911727616646
plain-1.5,DirectSoft,0.29939050021017233,18,1526,5.345383214235673
plain-2.0,NativeLayers,0.1161530580075662,19,1049,2.0669136191677175
plain-2.0,Direct,0.15796421815889028,19,1535,3.0245113493064313
plain-2.0,DirectSoft,0.27888556116015134,19,1450,2.85703026481715
plain-3.0,NativeLayers,0.11560354490682359,10,2186,1.9143197421885947
plain-3.0,Direct,0.19160711783662604,16,3537,3.0974148802017654
plain-3.0,DirectSoft,0.22149537620849097,20,2915,2.5527182289477373
reference-1.0,NativeLayers,0.7268230638778971,14,1815,12.825042396834368
reference-1.0,Direct,0.7485867721876767,14,1942,13.722442057659695
reference-1.0,DirectSoft,0.9169728660260034,14,2005,14.167608818541549
reference-1.5,NativeLayers,0.4192575843225928,16,1548,4.861503674392312
reference-1.5,Direct,0.4576973808177878,16,1815,5.700018843037498
reference-1.5,DirectSoft,0.423151812072106,16,1563,4.908611268136424
reference-2.0,NativeLayers,0.3722088750706614,21,1117,1.9732193329564724
reference-2.0,Direct,0.42790771622385526,21,1729,3.0543386093838327
reference-2.0,DirectSoft,0.4730073487846241,21,1579,2.7893583945732052
reference-3.0,NativeLayers,0.29427328685384085,12,1843,1.4469882545066264
reference-3.0,Direct,0.3582453991583443,17,3246,2.548520821556435
reference-3.0,DirectSoft,0.3217134602097858,14,2320,1.8214936247723135
rtl-1.0,NativeLayers,0.7614281210592686,11,1707,13.453656998738966
rtl-1.0,Direct,0.7771122320302648,11,1771,13.958070617906685
rtl-1.0,DirectSoft,0.9760403530895334,13,1855,14.620113493064313
rtl-1.5,NativeLayers,0.4422376348605857,18,1571,5.503012470225585
rtl-1.5,Direct,0.4900868712344122,18,1872,6.557377049180328
rtl-1.5,DirectSoft,0.5086871234412218,18,1733,6.070477791789267
rtl-2.0,NativeLayers,0.4001418663303909,19,1288,2.537831021437579
rtl-2.0,Direct,0.4406131778058008,19,1759,3.4658732660781846
rtl-2.0,DirectSoft,0.5454366330390921,19,1690,3.3299180327868854
rtl-3.0,NativeLayers,0.32289477371444586,10,2133,1.8679066834804539
rtl-3.0,Direct,0.38607783382373545,15,3490,3.0562561300266218
rtl-3.0,DirectSoft,0.3996427070197562,18,2794,2.446756340198963
square-1.0,NativeLayers,0.8460750315258512,10,1800,14.186633039092056
square-1.0,Direct,0.8491488020176545,10,1832,14.438839848675913
square-1.0,DirectSoft,1.1467528373266078,14,2080,16.39344262295082
square-1.5,NativeLayers,0.47215216477511557,12,1684,5.89883704637803
square-1.5,Direct,0.5055695670449769,12,1900,6.655457475129606
square-1.5,DirectSoft,0.5848045397225725,13,2014,7.054784923637383
square-2.0,NativeLayers,0.3787042875157629,12,1035,2.039328499369483
square-2.0,Direct,0.4061120744010088,14,1434,2.825504413619168
square-2.0,DirectSoft,0.5960750315258512,20,1756,3.4599621689785622
square-3.0,NativeLayers,0.3561545467283172,10,2313,2.0255359394703656
square-3.0,Direct,0.4063507075802158,15,3549,3.1079234972677594
square-3.0,DirectSoft,0.47925423847554993,19,3583,3.137697912288076
