mode,scenario,density,round,mount_ms,median_ms,p95_ms,p99_ms
Baseline,idle-48,1.0,1,167.3596,0.2668,0.2991,0.3326
NativeLayers,idle-48,1.0,1,33.8353,9.9206,10.0853,10.1513
Direct,idle-48,1.0,1,16.7662,4.6203,4.8222,4.9198
DirectSoft,idle-48,1.0,1,30.3029,13.9473,14.3802,14.5648
Baseline,resize-1,1.0,1,7.4865,3.6526,3.9717,4.2647
NativeLayers,resize-1,1.0,1,3.6283,0.7249,1.1913,2.0757
Direct,resize-1,1.0,1,2.696,0.449,0.5741,1.2495
DirectSoft,resize-1,1.0,1,3.0958,0.7366,0.8204,1.0474
Baseline,resize-12,1.0,1,36.9454,34.7155,36.2652,55.7698
NativeLayers,resize-12,1.0,1,7.0482,4.4955,9.1212,16.4782
Direct,resize-12,1.0,1,5.0541,1.9093,2.1229,3.0092
DirectSoft,resize-12,1.0,1,8.2904,5.7672,6.2126,6.4215
Baseline,idle-48,2.0,1,551.4167,1.8715,2.5842,3.7729
NativeLayers,idle-48,2.0,1,52.5059,36.9451,42.6647,43.426
Direct,idle-48,2.0,1,23.3135,16.4695,18.3423,19.0968
DirectSoft,idle-48,2.0,1,60.8148,52.2127,58.1962,59.3313
Baseline,resize-1,2.0,1,18.6798,13.5734,14.6356,15.5168
NativeLayers,resize-1,2.0,1,4.6094,2.0365,3.5217,4.6498
Direct,resize-1,2.0,1,4.5677,1.5102,2.7994,4.1009
DirectSoft,resize-1,2.0,1,5.4179,2.3888,3.9539,4.404
Baseline,resize-12,2.0,1,145.7212,150.5906,159.1796,164.9027
NativeLayers,resize-12,2.0,1,14.6279,10.6633,12.3916,16.4584
Direct,resize-12,2.0,1,8.1492,4.9394,5.3662,5.707
DirectSoft,resize-12,2.0,1,16.6181,14.6609,15.4614,16.1222
DirectSoft,idle-48,1.0,2,21.8835,13.9813,14.6172,15.2765
Direct,idle-48,1.0,2,8.5727,4.563,4.7629,5.4323
NativeLayers,idle-48,1.0,2,17.553,10.1489,10.4231,10.5507
Baseline,idle-48,1.0,2,138.1626,0.2664,0.2835,0.3093
DirectSoft,resize-1,1.0,2,2.4891,0.6501,0.7145,0.8086
Direct,resize-1,1.0,2,1.8548,0.3453,0.4003,0.4861
NativeLayers,resize-1,1.0,2,2.2674,0.5815,0.7014,0.8957
Baseline,resize-1,1.0,2,4.9508,3.1886,3.5291,4.0737
DirectSoft,resize-12,1.0,2,6.7594,5.5399,5.7531,5.857
Direct,resize-12,1.0,2,3.5967,1.7878,1.916,2.1771
NativeLayers,resize-12,1.0,2,5.8204,4.358,4.6381,4.8516
Baseline,resize-12,1.0,2,35.8965,37.6814,40.5194,56.7208
DirectSoft,idle-48,2.0,2,56.0427,45.4866,46.7234,47.1734
Direct,idle-48,2.0,2,20.8629,14.4992,15.1314,15.6095
NativeLayers,idle-48,2.0,2,44.27,32.9722,33.7856,34.3453
Baseline,idle-48,2.0,2,560.599,1.1106,1.4663,1.5537
DirectSoft,resize-1,2.0,2,5.5571,1.8256,2.2652,2.4134
Direct,resize-1,2.0,2,3.9649,0.8987,1.2201,1.2748
NativeLayers,resize-1,2.0,2,4.9453,1.527,1.9153,2.1977
Baseline,resize-1,2.0,2,15.0568,13.115,13.6915,14.2575
DirectSoft,resize-12,2.0,2,16.5002,14.2881,15.1017,15.8773
Direct,resize-12,2.0,2,8.1096,4.8716,5.2968,5.5544
NativeLayers,resize-12,2.0,2,13.1567,10.7065,11.2739,12.227
Baseline,resize-12,2.0,2,143.143,152.4985,163.5759,167.8964
Baseline,idle-48,1.0,3,147.89,0.2749,0.2959,0.3163
NativeLayers,idle-48,1.0,3,19.5484,10.4177,10.8389,10.9524
Direct,idle-48,1.0,3,9.3329,4.5542,4.6801,4.8792
DirectSoft,idle-48,1.0,3,22.8482,13.9604,14.4737,14.987
Baseline,resize-1,1.0,3,5.8647,3.5172,4.5264,4.9406
NativeLayers,resize-1,1.0,3,2.6432,0.572,0.7734,1.3631
Direct,resize-1,1.0,3,2.4068,0.3239,0.4874,1.1352
DirectSoft,resize-1,1.0,3,2.5214,0.6794,1.5102,1.6423
Baseline,resize-12,1.0,3,54.8057,35.4055,37.9414,38.5805
NativeLayers,resize-12,1.0,3,6.3694,4.4956,7.7392,8.8973
Direct,resize-12,1.0,3,3.2314,1.777,2.1237,2.1772
DirectSoft,resize-12,1.0,3,6.7356,5.8568,6.6926,7.9358
Baseline,idle-48,2.0,3,718.07,1.1819,1.5808,1.7184
NativeLayers,idle-48,2.0,3,40.3739,31.9338,32.8487,33.242
Direct,idle-48,2.0,3,19.285,14.2067,14.6334,14.8497
DirectSoft,idle-48,2.0,3,54.5335,45.3782,46.5796,47.2047
Baseline,resize-1,2.0,3,15.6794,13.2937,13.8247,14.1549
NativeLayers,resize-1,2.0,3,4.8903,1.4405,1.8448,3.1883
Direct,resize-1,2.0,3,3.8682,0.9054,1.2374,1.5536
DirectSoft,resize-1,2.0,3,4.7628,1.9708,2.3457,2.5521
Baseline,resize-12,2.0,3,150.2957,145.9416,151.582,156.4724
NativeLayers,resize-12,2.0,3,13.0365,10.9204,11.5281,12.1283
Direct,resize-12,2.0,3,7.7666,4.8365,5.4137,5.7424
DirectSoft,resize-12,2.0,3,16.4894,14.3392,14.8288,15.1539
