phase,scenario,density,frames,p50_ms,p95_ms,p99_ms,mount_median_ms,mount_min_ms,mount_max_ms,opening_peak_median_ms,opening_peak_min_ms,opening_peak_max_ms,trial_p95_min_ms,trial_p95_max_ms,java_kib_per_frame,pending_percent
before,leading-48,1.0,540,0.6502,0.9498,1.4281,174.0163,148.9726,266.3125,0.0,0.0,0.0,0.6774,1.1454,0.35713252314814814,0.0
before,held-leading,1.0,540,0.2016,0.7213,1.4676,7.7421,6.2274,8.9914,0.0,0.0,0.0,0.2123,1.3201,6.63058449074074,100.0
before,resize-leading-1,1.0,540,3.888,5.6443,8.577,7.8565,5.9009,9.5479,0.0,0.0,0.0,3.4234,8.0468,34.15439814814815,0.0
before,resize-leading-12,1.0,540,38.8695,54.6871,63.872,44.7811,37.6159,46.339,0.0,0.0,0.0,38.4357,57.6641,317.4459201388889,0.0
before,select-100-open,1.0,540,0.4727,0.6557,1.3661,6.2135,3.8176,52.5024,15.6644,7.4019,85.7101,0.47,1.1642,7.071325231481482,100.0
before,select-1000-open,1.0,540,3.1471,5.2638,10.31,6.4777,3.7853,14.0548,124.0515,84.2107,145.1848,3.4242,7.8622,6.998263888888889,100.0
before,leading-48,2.0,540,2.1244,2.6197,3.0683,581.0207,571.6848,621.3003,0.0,0.0,0.0,2.5682,2.661,0.34671585648148145,0.0
before,held-leading,2.0,540,0.6266,1.0994,3.1536,17.6719,17.0967,19.703,0.0,0.0,0.0,0.7443,2.5643,6.578414351851852,100.0
before,resize-leading-1,2.0,540,13.645,15.3502,16.7235,17.1595,16.9288,18.7094,0.0,0.0,0.0,14.1218,16.453,33.65902777777778,0.0
before,resize-leading-12,2.0,540,175.3902,201.6005,212.9444,154.4871,145.3069,197.2143,0.0,0.0,0.0,153.7156,203.4784,313.08940972222223,0.0
before,select-100-open,2.0,540,1.4014,4.7166,10.93,10.0406,7.355,10.9333,12.8714,8.9324,12.9624,1.8493,6.5529,6.999768518518518,100.0
before,select-1000-open,2.0,540,5.1503,11.2105,15.1069,7.1637,5.8639,8.3041,88.2828,70.3212,171.2002,5.2707,13.5299,6.998263888888889,100.0
after,leading-48,1.0,540,0.6201,0.6883,0.8043,16.0478,15.9913,106.1456,0.0,0.0,0.0,0.669,0.7093,0.3570601851851852,0.0
after,held-leading,1.0,540,0.1883,0.5033,0.6468,3.0345,2.9161,5.783,0.0,0.0,0.0,0.2148,0.5992,6.631192129629629,100.0
after,resize-leading-1,1.0,540,0.4516,1.308,2.004,3.3966,3.2131,6.5437,0.0,0.0,0.0,0.4917,1.8285,24.86762152777778,0.0
after,resize-leading-12,1.0,540,2.7416,3.5959,4.0326,7.1166,6.9941,12.8166,0.0,0.0,0.0,2.9192,3.8884,208.14835069444445,0.0
after,select-100-open,1.0,540,0.3396,0.4096,0.5168,4.461,3.6004,46.0178,4.403,3.7843,100.1405,0.3861,0.42,7.059505208333333,100.0
after,select-1000-open,1.0,540,0.3251,0.3946,0.5188,3.8203,3.4746,5.8355,3.9717,3.1268,5.599,0.3548,0.4153,6.998871527777778,100.0
after,leading-48,2.0,540,1.8756,2.3637,2.5339,29.6002,29.1881,41.0104,0.0,0.0,0.0,2.2593,2.4151,0.34671585648148145,0.0
after,held-leading,2.0,540,0.6096,0.8936,1.0624,6.1804,5.4674,6.8984,0.0,0.0,0.0,0.7644,1.0024,6.586313657407407,100.0
after,resize-leading-1,2.0,540,1.3131,1.8953,2.5596,5.4956,5.4439,6.0339,0.0,0.0,0.0,1.6591,1.991,24.72222222222222,0.0
after,resize-leading-12,2.0,540,6.3553,7.3741,9.3093,11.3611,10.1316,12.1079,0.0,0.0,0.0,6.722,7.8884,205.6790943287037,0.0
after,select-100-open,2.0,540,1.1737,1.6045,2.193,6.5711,5.8988,8.1009,5.6449,5.049,6.7987,1.4549,1.7589,6.999840856481481,100.0
after,select-1000-open,2.0,540,1.1465,1.4528,1.6414,6.341,5.9,6.5416,4.8315,4.3526,5.2582,1.3471,1.5601,6.9985532407407405,100.0
