phase,scenario,density,round,mount_ms,interaction_peak_ms,median_ms,p95_ms,p99_ms,max_ms,java_kib_per_frame,pending_percent,over_16_67_percent,gc_count,gc_ms,heap_mib
before,leading-48,1.0,1,266.3125,0.0,0.639,0.8069,1.2451,1.732,0.3674045138888889,0.0,0.0,0,0,25.26256561279297
before,held-leading,1.0,1,8.9914,0.0,0.4566,1.3201,1.53,1.5897,6.7210503472222225,100.0,0.0,0,0,30.26256561279297
before,resize-leading-1,1.0,1,9.5479,0.0,4.2218,5.3774,6.4642,8.3768,35.58763020833333,0.0,0.0,1,3,19.191482543945312
before,resize-leading-12,1.0,1,46.339,0.0,38.7117,43.1389,69.9415,73.8587,328.32139756944446,0.0,100.0,4,75,20.57343292236328
before,select-100-open,1.0,1,52.5024,85.7101,0.49,0.5799,0.6512,0.6837,7.087022569444445,100.0,0.0,0,0,21.34564971923828
before,select-1000-open,1.0,1,6.4777,145.1848,3.1228,4.4674,5.4231,6.8289,7.086805555555555,100.0,0.0,1,1,33.620697021484375
before,leading-48,2.0,1,621.3003,0.0,2.1484,2.661,4.3161,4.8713,0.3674045138888889,0.0,0.0,0,0,37.620697021484375
before,held-leading,2.0,1,19.703,0.0,0.738,2.5643,3.7296,4.0297,6.6109809027777775,100.0,0.0,0,0,39.620697021484375
before,resize-leading-1,2.0,1,18.7094,0.0,14.5643,16.453,17.1784,18.6887,34.104166666666664,0.0,3.888888888888889,0,0,38.364173889160156
before,resize-leading-12,2.0,1,154.4871,0.0,186.5453,203.4784,207.9369,213.8998,315.0173611111111,0.0,100.0,6,64,32.82372283935547
before,select-100-open,2.0,1,10.9333,12.8714,1.6904,6.5529,11.2896,12.9409,7.091319444444444,100.0,0.0,0,0,37.82372283935547
before,select-1000-open,2.0,1,8.3041,171.2002,5.9426,13.5299,15.3784,18.3917,7.086805555555555,100.0,0.5555555555555556,0,0,40.29258728027344
before,select-1000-open,1.0,2,14.0548,124.0515,4.1643,7.8622,12.5013,13.3513,7.086805555555555,100.0,0.0,0,0,41.68437957763672
before,select-100-open,1.0,2,6.2135,15.6644,0.5006,1.1642,1.814,8.3912,7.087022569444445,100.0,0.0,0,0,46.68437957763672
before,resize-leading-12,1.0,2,44.7811,0.0,48.3505,57.6641,61.1294,93.7569,312.14496527777777,0.0,100.0,6,56,40.44377899169922
before,resize-leading-1,1.0,2,7.8565,0.0,4.0595,8.0468,12.3092,23.233,33.45121527777778,0.0,0.5555555555555556,1,13,35.652618408203125
before,held-leading,1.0,2,7.7421,0.0,0.1963,0.2764,1.872,2.486,6.608463541666667,100.0,0.0,0,0,37.652618408203125
before,leading-48,1.0,2,174.0163,0.0,0.7085,1.1454,2.0273,7.5604,0.3676215277777778,0.0,0.0,0,0,40.652618408203125
before,select-1000-open,2.0,2,7.1637,88.2828,5.7625,13.3523,15.1069,16.0482,7.086805555555555,100.0,0.0,0,0,44.19068145751953
before,select-100-open,2.0,2,10.0406,12.9624,1.3724,4.8298,9.3836,11.69,7.086805555555555,100.0,0.0,0,0,36.67054748535156
before,resize-leading-12,2.0,2,197.2143,0.0,179.0833,202.8635,218.0437,226.212,312.1412760416667,0.0,100.0,6,75,33.81468200683594
before,resize-leading-1,2.0,2,17.1595,0.0,13.4757,14.284,14.9819,15.4969,33.438715277777774,0.0,0.0,0,0,43.81468200683594
before,held-leading,2.0,2,17.6719,0.0,0.5764,0.7443,0.8518,0.8805,6.562890625,100.0,0.0,0,0,45.81468200683594
before,leading-48,2.0,2,581.0207,0.0,2.1395,2.5682,3.0683,3.5084,0.3363715277777778,0.0,0.0,0,0,26.142822265625
before,leading-48,1.0,3,148.9726,0.0,0.6359,0.6774,0.7288,0.7846,0.3363715277777778,0.0,0.0,0,0,29.142822265625
before,held-leading,1.0,3,6.2274,0.0,0.1731,0.2123,0.2674,0.2897,6.562239583333334,100.0,0.0,0,0,31.142822265625
before,resize-leading-1,1.0,3,5.9009,0.0,3.205,3.4234,3.5091,3.7102,33.42434895833333,0.0,0.0,0,0,41.142822265625
before,resize-leading-12,1.0,3,37.6159,0.0,35.8485,38.4357,62.7548,63.872,311.87139756944447,0.0,100.0,5,65,37.63157653808594
before,select-100-open,1.0,3,3.8176,7.4019,0.4215,0.47,0.5191,0.5434,7.039930555555555,100.0,0.0,0,0,41.63157653808594
before,select-1000-open,1.0,3,3.7853,84.2107,2.6256,3.4242,3.656,3.7089,6.821180555555555,100.0,0.0,0,0,42.316192626953125
before,leading-48,2.0,3,571.6848,0.0,2.0298,2.5722,2.7078,2.7931,0.3363715277777778,0.0,0.0,0,0,45.316192626953125
before,held-leading,2.0,3,17.0967,0.0,0.5791,0.9212,1.2869,2.7028,6.561371527777778,100.0,0.0,0,0,47.316192626953125
before,resize-leading-1,2.0,3,16.9288,0.0,13.4393,14.1218,14.4802,14.5928,33.43420138888889,0.0,0.0,0,0,43.06800079345703
before,resize-leading-12,2.0,3,145.3069,0.0,146.8536,153.7156,159.1504,196.3117,312.1095920138889,0.0,100.0,5,47,44.21061706542969
before,select-100-open,2.0,3,7.355,8.9324,1.2902,1.8493,2.1654,17.0289,6.821180555555555,100.0,0.5555555555555556,1,15,27.751190185546875
before,select-1000-open,2.0,3,5.8639,70.3212,4.7481,5.2707,5.3858,5.523,6.821180555555555,100.0,0.0,0,0,40.558197021484375
after,leading-48,1.0,1,106.1456,0.0,0.6185,0.6864,0.7289,0.7806,0.3674045138888889,0.0,0.0,0,0,24.404632568359375
after,held-leading,1.0,1,5.783,0.0,0.4109,0.5992,1.1862,1.328,6.7203993055555555,100.0,0.0,0,0,29.404632568359375
after,resize-leading-1,1.0,1,6.5437,0.0,0.9227,1.8285,2.3118,4.6787,25.895963541666667,0.0,0.0,1,3,16.73656463623047
after,resize-leading-12,1.0,1,12.8166,0.0,3.1965,3.8884,4.7456,20.6212,217.37977430555554,0.0,1.1111111111111112,2,30,15.712310791015625
after,select-100-open,1.0,1,46.0178,100.1405,0.3637,0.4167,0.4606,2.2543,7.086805555555555,100.0,0.0,1,2,13.697677612304688
after,select-1000-open,1.0,1,5.8355,5.599,0.3573,0.4153,0.5572,0.679,7.088411458333334,100.0,0.0,0,0,15.697677612304688
after,leading-48,2.0,1,41.0104,0.0,1.8711,2.3372,2.4676,2.5339,0.3676215277777778,0.0,0.0,0,0,18.697677612304688
after,held-leading,2.0,1,6.8984,0.0,0.6461,1.0024,1.0783,1.135,6.6344618055555555,100.0,0.0,0,0,20.697677612304688
after,resize-leading-1,2.0,1,6.0339,0.0,1.4357,1.991,2.3647,3.7028,25.45451388888889,0.0,0.0,0,0,28.697677612304688
after,resize-leading-12,2.0,1,12.1079,0.0,6.7658,7.8884,10.9579,22.8934,210.83272569444443,0.0,1.1111111111111112,2,28,26.074508666992188
after,select-100-open,2.0,1,8.1009,6.7987,1.1632,1.6264,2.0153,2.8107,7.091536458333334,100.0,0.0,0,0,29.074508666992188
after,select-1000-open,2.0,1,6.5416,5.2582,1.0848,1.3471,1.4528,1.6285,7.087673611111111,100.0,0.0,0,0,32.07450866699219
after,select-1000-open,1.0,2,3.8203,3.9717,0.318,0.3548,0.3981,0.4255,7.086805555555555,100.0,0.0,0,0,34.07450866699219
after,select-100-open,1.0,2,3.6004,3.7843,0.3317,0.3861,0.4097,0.4383,7.086805555555555,100.0,0.0,0,0,37.07450866699219
after,resize-leading-12,1.0,2,7.1166,0.0,2.6198,2.9192,3.0598,3.2916,203.7455295138889,0.0,0.0,0,0,87.07450866699219
after,resize-leading-1,1.0,2,3.3966,0.0,0.4391,0.4917,0.5345,0.5348,24.3796875,0.0,0.0,0,0,95.07450866699219
after,held-leading,1.0,2,2.9161,0.0,0.1818,0.2148,0.23,0.3871,6.608246527777778,100.0,0.0,0,0,96.07450866699219
after,leading-48,1.0,2,16.0478,0.0,0.6156,0.669,0.7134,0.9039,0.3674045138888889,0.0,0.0,0,0,99.07450866699219
after,select-1000-open,2.0,2,6.341,4.8315,1.189,1.5601,1.7447,2.0781,7.086805555555555,100.0,0.0,0,0,102.07450866699219
after,select-100-open,2.0,2,6.5711,5.6449,1.1271,1.4549,1.6448,4.7605,7.086805555555555,100.0,0.0,0,0,105.07450866699219
after,resize-leading-12,2.0,2,11.3611,0.0,6.0593,6.722,6.9057,8.3986,203.12721354166666,0.0,0.0,0,0,154.0745086669922
after,resize-leading-1,2.0,2,5.4956,0.0,1.2873,1.9035,2.4806,2.9823,24.373350694444444,0.0,0.0,0,0,161.0745086669922
after,held-leading,2.0,2,5.4674,0.0,0.619,0.8093,0.8976,1.0873,6.562890625,100.0,0.0,0,0,163.0745086669922
after,leading-48,2.0,2,29.1881,0.0,1.8346,2.2593,2.3643,2.433,0.3363715277777778,0.0,0.0,0,0,166.0745086669922
after,leading-48,1.0,3,15.9913,0.0,0.6256,0.7093,0.8592,0.8904,0.3363715277777778,0.0,0.0,0,0,169.0745086669922
after,held-leading,1.0,3,3.0345,0.0,0.1769,0.223,0.2629,0.3699,6.564930555555556,100.0,0.0,0,0,171.0745086669922
after,resize-leading-1,1.0,3,3.2131,0.0,0.4237,0.508,0.7591,1.3017,24.327213541666666,0.0,0.0,0,0,179.0745086669922
after,resize-leading-12,1.0,3,6.9941,0.0,2.5935,3.1569,3.478,3.588,203.3197482638889,0.0,0.0,0,0,91.78236389160156
after,select-100-open,1.0,3,4.461,4.403,0.327,0.42,0.5417,0.6041,7.004904513888889,100.0,0.0,0,0,94.78236389160156
after,select-1000-open,1.0,3,3.4746,3.1268,0.3156,0.3565,0.5188,1.1069,6.821397569444445,100.0,0.0,0,0,97.78236389160156
after,leading-48,2.0,3,29.6002,0.0,1.931,2.4151,2.587,2.7526,0.3361545138888889,0.0,0.0,0,0,100.78236389160156
after,held-leading,2.0,3,6.1804,0.0,0.554,0.7644,0.7917,0.8037,6.561588541666667,100.0,0.0,0,0,102.78236389160156
after,resize-leading-1,2.0,3,5.4439,0.0,1.2644,1.6591,2.5596,3.2852,24.338802083333334,0.0,0.0,0,0,109.78236389160156
after,resize-leading-12,2.0,3,10.1316,0.0,6.3063,6.9976,7.377,8.01,203.07734375,0.0,0.0,0,0,159.78236389160156
after,select-100-open,2.0,3,5.8988,5.049,1.2261,1.7589,2.683,4.9631,6.821180555555555,100.0,0.0,0,0,162.78236389160156
after,select-1000-open,2.0,3,5.9,4.3526,1.1536,1.4679,1.5922,1.7664,6.821180555555555,100.0,0.0,0,0,164.78236389160156
